{"cameraMode":{"drawMode":0,"name":"Shaded","section":"Shading Mode"},"sceneLighting":false,"audioPlay":false,"sceneViewState":{"m_AlwaysRefresh":false,"showFog":true,"showSkybox":false,"showFlares":true,"showImageEffects":true,"showParticleSystems":true,"showVisualEffectGraphs":true,"m_FxEnabled":true},"in2DMode":false,"pivot":{"x":-0.11690521240234375,"y":-24.00008773803711,"z":0.17202186584472657},"rotation":{"x":-0.28728026151657107,"y":0.7048690319061279,"z":-0.3917888104915619,"w":-0.5168458223342896},"size":30.358034133911134,"orthographic":false}