{"cameraMode":{"drawMode":0,"name":"Shaded","section":"Shading Mode"},"sceneLighting":false,"audioPlay":false,"sceneViewState":{"m_AlwaysRefresh":false,"showFog":true,"showSkybox":false,"showFlares":true,"showImageEffects":true,"showParticleSystems":true,"showVisualEffectGraphs":true,"m_FxEnabled":true},"in2DMode":false,"pivot":{"x":0.004201412200927734,"y":-0.0789945125579834,"z":0.8333728313446045},"rotation":{"x":-0.28728026151657107,"y":0.7048690319061279,"z":-0.3917888104915619,"w":-0.5168458223342896},"size":4.577243328094482,"orthographic":false}