{"cameraMode":{"drawMode":0,"name":"Shaded","section":"Shading Mode"},"sceneLighting":false,"audioPlay":false,"sceneViewState":{"m_AlwaysRefresh":false,"showFog":true,"showSkybox":false,"showFlares":true,"showImageEffects":true,"showParticleSystems":true,"showVisualEffectGraphs":true,"m_FxEnabled":true},"in2DMode":false,"pivot":{"x":-0.38895416259765627,"y":6.5938262939453129,"z":0.30791473388671877},"rotation":{"x":-0.28728026151657107,"y":0.7048690319061279,"z":-0.3917888104915619,"w":-0.5168458223342896},"size":70.97148132324219,"orthographic":false}